{"cameraMode":{"drawMode":0,"name":"Shaded","section":"Shading Mode"},"sceneLighting":true,"audioPlay":false,"sceneViewState":{"showFog":true,"showMaterialUpdate":false,"showSkybox":true,"showFlares":true,"showImageEffects":true,"showParticleSystems":true},"in2DMode":false,"pivot":{"x":11.66119384765625,"y":-0.04685581102967262,"z":-18.623659133911134},"rotation":{"x":0.33584487438201907,"y":-0.6462348103523254,"z":0.569540798664093,"w":0.38107267022132876},"size":15.942056655883789,"orthographic":false}