{"cameraMode":{"drawMode":0,"name":"Shaded","section":"Shading Mode"},"sceneLighting":true,"audioPlay":false,"sceneViewState":{"showFog":true,"showMaterialUpdate":false,"showSkybox":true,"showFlares":true,"showImageEffects":true,"showParticleSystems":true},"in2DMode":false,"pivot":{"x":-0.2675204873085022,"y":0.346435546875,"z":-0.7747071385383606},"rotation":{"x":0.3035741150379181,"y":-0.6465692520141602,"z":0.6255779266357422,"w":0.3137635886669159},"size":37.491085052490237,"orthographic":false}